id,Band Name,Manager,Contact Number,Contact Email,Country
1,Sambizanga,Hayden Laite,7749188929,hlaite0@ibm.com,Poland
2,"Three Stooges Meet Hercules, The",Trix Batting,1343345705,tbatting1@home.pl,China
3,Drones,Nedda Doreward,5907828215,ndoreward2@nhs.uk,Russia
4,"Right Kind of Wrong, The",Davon Milsted,7349836171,dmilsted3@bloomberg.com,Thailand
5,Omar,Fair Fish,1575150880,ffish4@marriott.com,South Africa
6,Rusty Knife (Sabita naifu),Friedrich Dallemore,2826276369,fdallemore5@people.com.cn,China
7,Wild Strawberries (Smultronstället),Brendan O'Donnell,9721588621,bodonnell6@phpbb.com,Dominican Republic
8,"Barber, The",Doralia Dallin,3473114802,ddallin7@blogger.com,China
9,Silent Movie,Jeanette Romayne,6686679160,jromayne8@mac.com,Serbia
10,Inside,Joshia Onion,9839891513,jonion9@drupal.org,Nepal
11,High School,Nicky Scase,4118983988,nscasea@virginia.edu,Poland
12,Scooby-Doo! The Mystery Begins,Tanner Bladesmith,5578018238,tbladesmithb@usatoday.com,Indonesia
13,Sex Galaxy,Cari Noye,2139444306,cnoyec@tumblr.com,Sweden
14,"Devil's Advocate, The",Shelagh Braham,5648526212,sbrahamd@biblegateway.com,Colombia
15,Bluebeard,Bree Kingscote,7188094926,bkingscotee@google.co.jp,United States
16,Leave Her to Heaven,Standford Challener,6601937824,schallenerf@usda.gov,Nigeria
17,"Living Room of the Nation, The (Kansakunnan olohuone)",Dulcy Khomich,4695800442,dkhomichg@microsoft.com,Croatia
18,Utopia,Naomi Pancast,5519598990,npancasth@sphinn.com,Philippines
19,Time in the Minors,Carlene Allcorn,9702409540,callcorni@histats.com,Philippines
20,Fist of the North Star,Norrie Dagnan,2807306755,ndagnanj@e-recht24.de,China
21,"Forsaken, The",Julianne Templar,5578961911,jtemplark@histats.com,Marshall Islands
22,Skinwalkers,Christie Server,8173094764,cserverl@pen.io,Chile
23,"Born Losers, The",Dannie Bringloe,7332035900,dbringloem@hubpages.com,Netherlands
24,Rudolph the Red-Nosed Reindeer,Hana Weyland,9426889876,hweylandn@scribd.com,Japan
25,P.U.N.K.S,Chelsea Bussey,8384835388,cbusseyo@google.cn,Russia
26,Sherlock Holmes: Dressed to Kill,Gracia Rangle,1233972391,granglep@altervista.org,Russia
27,Sube y Baja,Annamaria Bannister,3095966760,abannisterq@goodreads.com,Indonesia
28,Hondo,Klarika Griffen,8565784888,kgriffenr@google.ca,France
29,Village of the Giants,Carlee Shearmer,4569585133,cshearmers@github.com,China
30,Dream House,Cointon Giffard,7714603686,cgiffardt@youku.com,Philippines
31,Dead on Time,Anthia Frowing,9379187967,afrowingu@tinypic.com,South Africa
32,I'm Here,Amelina Neaverson,8303010079,aneaversonv@storify.com,Mauritius
33,Dollman,Bryn Hessay,8888817032,bhessayw@theguardian.com,Dominican Republic
34,"Human Tornado, The",Denyse Willder,6151894804,dwillderx@ox.ac.uk,Ecuador
35,"Hunting and Gathering (Ensemble, c'est tout)",Liane Landall,5578988282,llandally@cpanel.net,China
36,Modern Boy (Modeon boi),Jannelle Adkin,1234119574,jadkinz@globo.com,Ukraine
37,Home Alone 4,Burch Elden,1876372613,belden10@webeden.co.uk,China
38,I'm Gonna Explode (a.k.a. I'm Going to Explode) (Voy a explotar),Jillane Plaskett,3962406060,jplaskett11@discuz.net,Malta
39,Family Viewing,Alic Garfitt,9421448440,agarfitt12@umn.edu,Czech Republic
40,Fire and Ice,Derron Gadesby,1035420786,dgadesby13@unblog.fr,China
41,Speak,Clerc Gregson,7069371646,cgregson14@cam.ac.uk,Cameroon
42,Cochochi,Herschel Lackinton,3005955844,hlackinton15@ted.com,Indonesia
43,"Perfume of the Lady in Black, The (Il profumo della signora in nero)",Randolf Kleanthous,6153025864,rkleanthous16@blinklist.com,Finland
44,"House That Dripped Blood, The",Avril Haukey,6742936148,ahaukey17@so-net.ne.jp,Brazil
45,In the Midst of Life (Au coeur de la vie),Aviva Crick,2385661043,acrick18@google.it,Indonesia
46,"Wheel, The (La Roue)",Kristel Redgate,4515914238,kredgate19@toplist.cz,China
47,"¡Alambrista! (Illegal, The)",Grange Stobbie,5126233149,gstobbie1a@prnewswire.com,Japan
48,Moomins on the Riviera (Muumit Rivieralla),Petunia Habbert,3119186876,phabbert1b@360.cn,Pakistan
49,Vääpeli Körmy - Taisteluni,Johnette Tubbs,8668708080,jtubbs1c@msn.com,Nigeria
50,"Killer Inside Me, The",Jolee Brierly,3783169898,jbrierly1d@ask.com,Thailand
51,Punchline,Kyla Lednor,9833262812,klednor1e@google.co.uk,China
52,Teen Wolf Too,Henka Deluca,4161222134,hdeluca1f@hao123.com,China
53,Cold Prey (Fritt Vilt),Phedra Sawter,2727731727,psawter1g@cyberchimps.com,China
54,Phish: Bittersweet Motel,Noel Conneely,8483024255,nconneely1h@wufoo.com,Finland
55,"Phantom of the Opera, The",Humphrey Swanton,3263109074,hswanton1i@odnoklassniki.ru,Portugal
56,Mondo,Olin Crowley,7387326261,ocrowley1j@amazon.co.uk,Brazil
57,Ice Age,Elvina Hritzko,7272128570,ehritzko1k@epa.gov,France
58,Godzilla vs. Megaguirus (Gojira tai Megagirasu: Jî shômetsu sakusen),Bogart Kinzett,6564650733,bkinzett1l@sitemeter.com,Taiwan
59,"Man Who Saves the World, The (Dünyayi Kurtaran Adam)",Erminia Impy,7681901897,eimpy1m@home.pl,Russia
60,Adios Sabata,Michelina Vials,8279442178,mvials1n@uiuc.edu,Mexico
61,Kingpin,Dianna Fieldsend,7277794942,dfieldsend1o@ifeng.com,United States
62,"Blue Max, The",Aguie Van den Bosch,1414158708,avan1p@angelfire.com,Yemen
63,Pendulum,Gretna Jeffrey,6541571303,gjeffrey1q@soup.io,Peru
64,For a Lost Soldier (Voor een Verloren Soldaat),Liam Lenihan,8778437052,llenihan1r@studiopress.com,China
65,No Direction Home: Bob Dylan,Tracey Fallis,9619622087,tfallis1s@msu.edu,China
66,To Be or Not to Be,Adelheid Bartholomieu,6712816683,abartholomieu1t@friendfeed.com,Russia
67,Eden Log,Greggory Dermott,9433429761,gdermott1u@wikispaces.com,Israel
68,Scooby-Doo,Pamella Grzes,4308155750,pgrzes1v@google.es,Syria
69,Ten Minutes Older: The Trumpet,Jorie Caulier,2327052887,jcaulier1w@goo.ne.jp,Indonesia
70,The Menacing Eye,Klarrisa Moyers,5738686676,kmoyers1x@bigcartel.com,China
71,Congorama,Bearnard Klimkin,4592863837,bklimkin1y@columbia.edu,Indonesia
72,"Falcon and the Snowman, The",Elroy Walthew,2523708983,ewalthew1z@senate.gov,Colombia
73,La liga no es cosa de hombres,Gerhardt Teape,7403928167,gteape20@usnews.com,China
74,"Dictator, The",Carmela Boothebie,7635903689,cboothebie21@netvibes.com,Ukraine
75,Whatever,Patrica Casterou,4489010035,pcasterou22@bandcamp.com,Indonesia
76,Code Name: The Cleaner,Zita Smalley,7892858488,zsmalley23@moonfruit.com,Peru
77,Frankenstein and the Monster from Hell,Lacy Fergusson,5354129613,lfergusson24@biblegateway.com,Ukraine
78,Fat Head,Kesley Orchard,7551523036,korchard25@mayoclinic.com,Russia
79,X-Men: First Class,Emmy Trood,5173162086,etrood26@microsoft.com,Thailand
80,"Ant Bully, The",Kaye Tredget,8794127419,ktredget27@ask.com,Kenya
81,Belizaire the Cajun,Hetty Toll,5403197580,htoll28@uiuc.edu,Croatia
82,Admissions,Galvan Carletto,4976248929,gcarletto29@ifeng.com,China
83,The... Beautiful Country,Chantalle Gullefant,1396732806,cgullefant2a@ifeng.com,Indonesia
84,Zatoichi and the Doomed Man (Zatôichi sakate giri) (Zatôichi 11),Doy Mitchelmore,7059535069,dmitchelmore2b@craigslist.org,Malaysia
85,"Dogwalker, The",Dewie Geeve,9093910121,dgeeve2c@godaddy.com,Portugal
86,Low Life,Wanda Murfett,1281788298,wmurfett2d@abc.net.au,Philippines
87,In the Name of the Father,Drona Isbell,3918805603,disbell2e@tumblr.com,Portugal
88,Hometown Legend,Clarette Scatchar,6495013042,cscatchar2f@oakley.com,China
89,Eminem AKA ,Tiffy Toman,4184616490,ttoman2g@github.com,Poland
90,Christopher Strong,Raimund Reinbech,1735956930,rreinbech2h@telegraph.co.uk,Poland
91,Violet & Daisy,Mile McCurtin,9809545190,mmccurtin2i@icq.com,East Timor
92,Zulu Dawn,Antonina Luxford,8433719000,aluxford2j@businessinsider.com,Tajikistan
93,Our Fathers,Cammy Marcone,7544103944,cmarcone2k@ezinearticles.com,Russia
94,"Dunwich Horror, The",Daryle Breddy,6599642321,dbreddy2l@google.com.br,Mongolia
95,Familia,Jud Gerson,1872855208,jgerson2m@ft.com,China
96,Who the #$&% is Jackson Pollock?,Donia Gergely,4547758698,dgergely2n@is.gd,Brazil
97,Weekend,Katee Du Hamel,6857532000,kdu2o@feedburner.com,Zimbabwe
98,On the Ropes,Ami Birchett,4367639495,abirchett2p@time.com,Norway
99,"Little Princess, A",Gris MacAllan,1467532323,gmacallan2q@narod.ru,Brazil
100,Now!,Etty Braime,1638777499,ebraime2r@tiny.cc,China
101,Hitman (Contract Killer) (Sat sau ji wong),Janetta Moores,2269459457,jmoores2s@is.gd,China
102,Urban Legend,Garey Bartlomieczak,1912136798,gbartlomieczak2t@ezinearticles.com,Democratic Republic of the Congo
103,"Dog's Life, A",Tammi Mattheeuw,2695406931,tmattheeuw2u@noaa.gov,Egypt
104,Surviving Christmas,Rolph Friel,7538319742,rfriel2v@nasa.gov,China
105,That Sugar Film,Bettina MacAllan,3721356781,bmacallan2w@un.org,Indonesia
106,Grown Ups 2,Zorine Stanyer,2471059037,zstanyer2x@chron.com,Argentina
107,"Cook the Thief His Wife & Her Lover, The",Mariam Robberts,1694208717,mrobberts2y@economist.com,Indonesia
108,Evidence,Alfy Bisco,1869396427,abisco2z@skyrock.com,France
109,Loser Takes All! (Qui perd gagne !),Germaine Coneley,4119865964,gconeley30@vkontakte.ru,Argentina
110,"Femme Nikita, La (Nikita)",Davina McMurthy,8449647705,dmcmurthy31@yahoo.com,Greece
111,Infernal Affairs 2 (Mou gaan dou II),Theresita Livermore,9494058802,tlivermore32@altervista.org,Brazil
112,House of 9,Dorian Ragbourne,7184274831,dragbourne33@multiply.com,China
113,Red Canyon,Siffre Winspeare,8833004420,swinspeare34@soundcloud.com,Netherlands
114,Sel8nne,Judon Igoe,7665719001,jigoe35@harvard.edu,Indonesia
115,"Forty-first, The (Sorok pervyy)",Vally Hellis,8123989593,vhellis36@weebly.com,Bulgaria
116,Harakiri (Seppuku),Wendel Hitzschke,8714472065,whitzschke37@comsenz.com,China
117,My Future Boyfriend,Josee Beaford,3951518988,jbeaford38@mozilla.com,China
118,Bullitt,Merissa Dunkley,3678061026,mdunkley39@pagesperso-orange.fr,China
119,"Motel, The",Rosa Dallimore,7647053820,rdallimore3a@unblog.fr,China
120,"Escapist, The",Winni Baumert,4352434439,wbaumert3b@theglobeandmail.com,Benin
121,Strapped,Lyndell Narrie,5783809987,lnarrie3c@booking.com,Russia
122,Lady Snowblood (Shurayukihime),Fabiano Camel,8593084221,fcamel3d@wordpress.com,Chile
123,Rambo: First Blood Part II,Roosevelt Nana,9786161180,rnana3e@harvard.edu,Yemen
124,Homer & Eddie,Tobias Stilgo,5722930551,tstilgo3f@abc.net.au,Japan
125,Young Winston,Amelia Kendell,2509316325,akendell3g@scientificamerican.com,China
126,"Saragossa Manuscript, The (Rekopis znaleziony w Saragossie)",Yardley Youthead,9408054485,yyouthead3h@icq.com,China
127,Play Misty for Me,Olenka Capps,1975384545,ocapps3i@reverbnation.com,North Korea
128,Jesse Stone: No Remorse,Augustine Griggs,2763070900,agriggs3j@youtu.be,Philippines
129,Hans Christian Andersen,Murvyn Rittmeier,6267345324,mrittmeier3k@pcworld.com,Philippines
130,"Weight of Water, The",Arlette Walling,5011199287,awalling3l@cnn.com,United States
131,Yatterman (Yattâman),Westbrooke King,8757663515,wking3m@1und1.de,Latvia
132,Shelter,Sterne Renackowna,9198860803,srenackowna3n@shinystat.com,Brazil
133,Die Weihnachtsklempner,Shaylyn Hugonin,8719189001,shugonin3o@studiopress.com,Philippines
134,Gummo,Pansie Gissing,5015907321,pgissing3p@indiatimes.com,China
135,Spy Kids,Alonzo Prangley,9679439946,aprangley3q@digg.com,Japan
136,Surviving Christmas,Lilias Bittlestone,2935417605,lbittlestone3r@un.org,Russia
137,My Left Foot,Tova Goering,1822984419,tgoering3s@facebook.com,Croatia
138,Lupin the 3rd,Tedd Dupoy,6007057169,tdupoy3t@arstechnica.com,Mongolia
139,"Son of the Bride (Hijo de la novia, El)",Sigrid Milbank,3715218371,smilbank3u@ameblo.jp,China
140,"Knight's Tale, A",Sayers Ghiron,4797262116,sghiron3v@meetup.com,China
141,Scream 2,Gianina Perrot,3232764577,gperrot3w@illinois.edu,France
142,Noriko's Dinner Table (Noriko no shokutaku),Maude Husselbee,1877500509,mhusselbee3x@timesonline.co.uk,Kazakhstan
143,Lethal Weapon 3,Roanne Borrow,2018828530,rborrow3y@cbsnews.com,Russia
144,"Covenant, The",Cary Gleadle,5049826113,cgleadle3z@cnbc.com,Russia
145,Idiots and Angels,Isiahi Ebi,2613354777,iebi40@slideshare.net,Russia
146,Jane Eyre,Leesa McLaine,1977764089,lmclaine41@webs.com,Cameroon
147,The Other Side of the Mountain,Brooke Heis,9545898262,bheis42@buzzfeed.com,China
148,Last Cowboy Standing (Skavabölen pojat),Emmy Chartre,4105961955,echartre43@yelp.com,Indonesia
149,Ridicule,Netta Bougen,2118602821,nbougen44@hc360.com,El Salvador
150,Blackbeard's Ghost,Wilmar Southcott,1882959762,wsouthcott45@time.com,Armenia
151,Young Thugs: Nostalgia (Kishiwada shônen gurentai: Bôkyô),Marcile Degnen,2521644553,mdegnen46@businessweek.com,Iran
152,"Bamba, La",Harmony Minichi,1055482958,hminichi47@ehow.com,China
153,"Bruno (Dress Code, The)",Dita Jessel,6201195197,djessel48@mediafire.com,Czech Republic
154,Donos de Portugal,Carce Bestwall,9703413602,cbestwall49@twitter.com,Greece
155,Charlie Bartlett,Brewster Castanaga,2402021437,bcastanaga4a@xinhuanet.com,China
156,As You Like It,Phoebe Pindar,2203138473,ppindar4b@reuters.com,Indonesia
157,Dawn of the Planet of the Apes,Martha Yonge,7728041475,myonge4c@gizmodo.com,Canada
158,Irreconcilable Differences,Charissa Roscamps,5419746123,croscamps4d@ftc.gov,Peru
159,Design for Living,Claretta Crichley,4197115577,ccrichley4e@behance.net,Portugal
160,Planes,Fletcher Parke,7661832620,fparke4f@infoseek.co.jp,Indonesia
161,Christopher Columbus: The Discovery,Tomas Hoffmann,9795598176,thoffmann4g@ted.com,Russia
162,Enemy of the State,Tallou Teager,7972438058,tteager4h@pagesperso-orange.fr,China
163,Stars and Stripes Forever,Bordie Vivian,4189317680,bvivian4i@uol.com.br,Russia
164,Precious,Charity Valentine,1068620966,cvalentine4j@intel.com,Colombia
165,Roxanne,Liesa Hutchens,4518731858,lhutchens4k@webnode.com,Sweden
166,"Swinger, The",Bobbie Jackman,8331151171,bjackman4l@issuu.com,France
167,Ingmar Bergman Makes a Movie (Ingmar Bergman gör en film),Cayla Doornbos,8595689838,cdoornbos4m@blogspot.com,France
168,Needful Things,Cindi Fenlon,7246625011,cfenlon4n@amazon.com,Japan
169,"Great Sinner, The",Georgie Norquoy,4298069147,gnorquoy4o@amazon.de,Ecuador
170,"Trespasser, The",Mella Dongall,6219387012,mdongall4p@vistaprint.com,Portugal
171,Nicholas and Alexandra,Glori Gillogley,4153590436,ggillogley4q@vkontakte.ru,Mongolia
172,"Tillman Story, The",Raeann Aslett,6912861192,raslett4r@simplemachines.org,Japan
173,20 Feet from Stardom (Twenty Feet from Stardom),Isidora Ravel,1775085223,iravel4s@google.ru,Poland
174,"Cameraman's Revenge, The (Mest kinematograficheskogo operatora)",Elnora Hustings,9332731387,ehustings4t@qq.com,Bolivia
175,Sheena,Cathleen Robatham,9022792652,crobatham4u@facebook.com,Brazil
176,49 Up,Russ Eyree,7194908214,reyree4v@imageshack.us,United States
177,Frankenstein Unbound,Florencia Ubsdale,5067148807,fubsdale4w@digg.com,China
178,"Long Good Friday, The",Demetre MacWilliam,9136908640,dmacwilliam4x@addthis.com,Norway
179,After Life (Wandafuru raifu),Wernher Cawker,1057194074,wcawker4y@dot.gov,United Kingdom
180,Predictions of Fire (Prerokbe Ognja),Carlie Sorrill,7254415347,csorrill4z@umich.edu,China
181,"Adventure of Sherlock Holmes' Smarter Brother, The",Liliane Ecob,3725461060,lecob50@psu.edu,Czech Republic
182,Pan,Mariette Dobbie,9858878218,mdobbie51@toplist.cz,Canada
183,Kinetta,Isabelle Tucknutt,7875162350,itucknutt52@netscape.com,Russia
184,"Way, The",Lindie Gartsyde,1592041199,lgartsyde53@privacy.gov.au,Russia
185,Confessions of a Burning Man,Germain McQuade,7842611893,gmcquade54@livejournal.com,Peru
186,Julius Caesar,Trude Hintzer,4369402523,thintzer55@deviantart.com,El Salvador
187,"Reckoning, The",Illa Dallimore,9383232516,idallimore56@twitter.com,China
188,Summer Things (Embrassez qui vous voudrez),Leonid Lake,1186466882,llake57@patch.com,Russia
189,Scream 3,Chicky Cottier,1292718970,ccottier58@mlb.com,Indonesia
190,"Miracle of Marcelino, The (Marcelino pan y vino)",Giulia Roslen,6774925456,groslen59@biblegateway.com,Brazil
191,"Search, The",Estelle Picknett,6797009509,epicknett5a@sourceforge.net,Canada
192,Danger: Diabolik (Diabolik),Jojo Sharvell,7614429360,jsharvell5b@who.int,Venezuela
193,Tango & Cash,Webb Oakton,1903048126,woakton5c@yale.edu,Poland
194,Arctic Blast,Anthe Brodbin,8353731422,abrodbin5d@icio.us,Russia
195,Mr. Destiny,Cosme Gidley,5862507798,cgidley5e@ocn.ne.jp,Indonesia
196,Cinderella,Aldus O'Concannon,8356233137,aoconcannon5f@1und1.de,Armenia
197,"Loves of Pharaoh, The (Das Weib des Pharao)",Eirena Josiah,3725402277,ejosiah5g@telegraph.co.uk,El Salvador
198,Alien Raiders,Derril Brookzie,3971909809,dbrookzie5h@vkontakte.ru,Brazil
199,Jason and the Argonauts,Cherie Bartleman,4522018867,cbartleman5i@shinystat.com,Russia
200,Moonlight Murder,Dasi McKennan,5523020474,dmckennan5j@vistaprint.com,China
201,Cyborg,Fergus Roseby,2202521218,froseby5k@toplist.cz,Spain
202,"Return of Django (Son of Django) (Figlio di Django, Il)",Ula Lots,8706135797,ulots5l@howstuffworks.com,China
203,Torture Garden,Sonni Stellino,7997119656,sstellino5m@hc360.com,Netherlands
204,Housesitter,Keith Jery,8918196337,kjery5n@army.mil,Poland
205,White Night Wedding (Brúðguminn),Dotty Alen,7013445806,dalen5o@salon.com,China
206,"Flaying, The (El Bosque de los Sometidos)",Tatiana Jakab,4119184568,tjakab5p@admin.ch,Colombia
207,Fire with Fire,Maxie Summerbell,4352269379,msummerbell5q@illinois.edu,Libya
208,"Bound by Honor (a.k.a. Blood In, Blood Out)",Tommy Whitten,3397105708,twhitten5r@intel.com,Russia
209,King of the Children (Hai zi wang),Hamid Barratt,9184081571,hbarratt5s@sfgate.com,China
210,Defying Gravity,Rab Slowley,2734602946,rslowley5t@seattletimes.com,Sweden
211,"See Here, Private Hargrove",Lefty De Freyne,1732616303,lde5u@disqus.com,Poland
212,Lesson Plan ,Marsiella Raun,1684993772,mraun5v@disqus.com,Indonesia
213,King Kelly,Herby Locket,3299542866,hlocket5w@mlb.com,Philippines
214,Shoah,Sybyl Shearn,4225610978,sshearn5x@uol.com.br,Indonesia
215,Negative Happy Chainsaw Edge (Negatibu happî chênsô ejji),Gerri Loache,1937402638,gloache5y@cafepress.com,Indonesia
216,See No Evil,Sorcha Abramamov,8444304810,sabramamov5z@spotify.com,Armenia
217,I'm No Angel,Sophie Pillinger,2275590214,spillinger60@cam.ac.uk,Brazil
218,Mon Paradis - Der Winterpalast,Nick Talby,8289551404,ntalby61@naver.com,United States
219,Jules and Jim (Jules et Jim),Reggie Jolliffe,4881756363,rjolliffe62@china.com.cn,Botswana
220,Diplomacy (Diplomatie),Clare Casbon,4987812628,ccasbon63@technorati.com,Netherlands
221,Ready to Wear (Pret-A-Porter),D'arcy Alsop,3896029822,dalsop64@cdc.gov,Philippines
222,"Commare secca, La (Grim Reaper, The)",Neille Annion,4027379202,nannion65@jimdo.com,Malaysia
223,Over the Edge,Waneta Jamrowicz,5175515114,wjamrowicz66@google.com,Uganda
224,Hunger,Dmitri Spours,7194189086,dspours67@people.com.cn,Russia
225,Show Boat,Lucia Hartshorn,3611816042,lhartshorn68@wordpress.org,Philippines
226,"History Boys, The",Shara Ivetts,7529665470,sivetts69@51.la,Philippines
227,Goodbye Charlie,Olga Holbarrow,5457305236,oholbarrow6a@usa.gov,Morocco
228,"Fallen, The",Hermann Rawood,4878065757,hrawood6b@chron.com,Albania
229,Ruhr,Nerty Piperley,5089819694,npiperley6c@sun.com,China
230,Philomena,Retha Boseley,2977948676,rboseley6d@dion.ne.jp,Portugal
231,Long Way Round,Dale Barens,1002752755,dbarens6e@blinklist.com,Marshall Islands
232,Hava Nagila: The Movie,Chlo Kerfut,7191181751,ckerfut6f@php.net,Indonesia
233,Skin Game,Shanna Devine,6553844392,sdevine6g@pinterest.com,Poland
234,"Headless Woman, The (Mujer sin cabeza, La)",Harper Bosdet,4268800948,hbosdet6h@google.co.jp,Indonesia
235,Son of Dracula,Mitchel Feast,3536291829,mfeast6i@twitpic.com,Philippines
236,Tombs of the Blind Dead (La noche del terror ciego),Reyna Blundan,3011582069,rblundan6j@state.gov,Palestinian Territory
237,Pigsty (Porcile),Evan Adamski,4074325652,eadamski6k@meetup.com,Poland
238,"Violent Cop (Sono otoko, kyôbô ni tsuki)",Allin Kaley,6689010433,akaley6l@cbslocal.com,Portugal
239,Something Real and Good,Christin Adacot,7895227874,cadacot6m@yellowbook.com,Croatia
240,All of Me,Krishnah Eagleston,8656472458,keagleston6n@earthlink.net,Canada
241,Cheech & Chong: Still Smokin',Roch Arpur,6515805464,rarpur6o@accuweather.com,Russia
242,Night Patrol,Kaycee Ilyinski,1836206503,kilyinski6p@zimbio.com,Sweden
243,Green Card,Jarret Eagger,1068881951,jeagger6q@tmall.com,Equatorial Guinea
244,Hi Diddle Diddle,Lyle Orpyne,9706970067,lorpyne6r@ustream.tv,China
245,"Unknown Soldier, The (Tuntematon sotilas)",Brendan Bladesmith,1093070976,bbladesmith6s@tumblr.com,Indonesia
246,Border Radio,Marie-ann Coniam,3416272362,mconiam6t@opensource.org,Canada
247,Dakota Skye,Maxy Howle,1427656052,mhowle6u@studiopress.com,Pakistan
248,"Devil and Max Devlin, The",Athene Hilling,7238139707,ahilling6v@scientificamerican.com,China
249,"Terminal, The",Sauveur Alcide,6989031917,salcide6w@rakuten.co.jp,Ukraine
250,"Call of the Wild, The",Fin Vigietti,4424579402,fvigietti6x@cafepress.com,Brazil
